date,open,high,low,close,volume
2025-01-02,19.79,19.94,19.66,19.82,4231300.0
2025-01-03,19.86,20.15,19.8,20.09,2822100.0
2025-01-06,20.05,20.26,19.75,19.86,3844400.0
2025-01-07,19.91,19.99,19.48,19.66,3603000.0
2025-01-08,19.61,19.69,19.42,19.53,3016400.0
2025-01-09,19.51,19.77,19.42,19.68,4598500.0
2025-01-10,19.73,19.92,19.62,19.83,3373900.0
2025-01-13,19.9,20.0,19.87,19.97,3313700.0
2025-01-14,20.03,20.15,19.98,20.11,2717800.0
2025-01-15,20.17,20.21,19.77,19.81,5357200.0
2025-01-16,19.94,19.99,19.64,19.7,2961500.0
2025-01-17,19.7,19.95,19.63,19.89,2804800.0
2025-01-20,19.99,20.17,19.96,20.12,2774700.0
2025-01-21,20.05,20.47,20.02,20.45,3402400.0
2025-01-22,20.4,20.47,20.21,20.41,3817500.0
2025-01-23,20.4,20.7,20.36,20.62,3381500.0
2025-01-24,20.73,20.97,20.62,20.9,3924400.0
2025-01-27,21.01,21.94,20.78,21.77,6784000.0
2025-01-28,21.8,22.17,21.65,21.94,3650200.0
2025-01-29,22.09,22.41,21.9,22.23,3261300.0
2025-01-30,22.19,22.57,22.08,22.5,3022400.0
2025-01-31,22.59,22.7,22.2,22.3,4120700.0
2025-02-03,22.28,22.45,22.05,22.33,2328800.0
2025-02-04,22.36,22.45,22.32,22.42,3656600.0
2025-02-05,22.43,23.19,22.34,23.07,6569500.0
2025-02-06,23.08,23.44,22.83,23.25,2977600.0
2025-02-07,23.21,23.61,23.1,23.46,3902300.0
2025-02-10,23.43,23.93,23.35,23.86,3708400.0
2025-02-11,23.95,24.02,23.52,23.59,4785200.0
2025-02-12,23.49,23.62,23.33,23.48,3093800.0
2025-02-13,23.43,24.51,23.37,24.41,6767500.0
2025-02-14,24.49,24.63,24.31,24.38,2994500.0
2025-02-17,24.38,24.6,24.26,24.51,2638800.0
2025-02-18,24.52,24.77,24.02,24.18,4817400.0
2025-02-19,24.1,24.49,23.91,24.25,3389900.0
2025-02-20,24.36,24.65,24.33,24.57,5112600.0
2025-02-21,24.58,24.98,24.52,24.79,2972800.0
2025-02-24,24.95,25.04,24.33,24.45,4906200.0
2025-02-25,24.42,24.68,24.25,24.41,3595300.0
2025-02-26,24.54,24.86,24.42,24.69,4696600.0
2025-02-27,24.69,24.83,24.36,24.53,4196400.0
2025-02-28,24.5,24.75,24.29,24.64,2661400.0
2025-03-03,24.79,24.87,24.58,24.66,3274600.0
2025-03-04,24.75,24.82,24.39,24.48,4109200.0
2025-03-05,24.44,24.62,23.86,24.01,3297200.0
2025-03-06,24.01,24.23,23.87,24.01,3837200.0
2025-03-07,24.23,24.42,23.27,23.36,4846400.0
2025-03-10,23.41,23.56,23.24,23.39,2962600.0
2025-03-11,23.45,24.05,23.36,23.97,4200200.0
2025-03-12,24.21,24.56,24.01,24.26,4090900.0
2025-03-13,24.36,24.46,24.26,24.35,2696600.0
2025-03-14,24.16,24.55,23.94,24.41,3400100.0
2025-03-17,24.43,24.71,24.12,24.43,3466100.0
2025-03-18,24.41,24.86,24.27,24.77,3020800.0
2025-03-19,24.73,24.81,24.53,24.7,2764300.0
2025-03-20,24.72,25.0,24.24,24.54,3233500.0
2025-03-21,24.52,24.79,24.39,24.67,4305400.0
2025-03-24,24.74,25.1,24.6,25.03,3913400.0
2025-03-25,24.87,24.98,24.79,24.87,3106300.0
2025-03-26,24.98,25.1,24.17,24.34,5157100.0
2025-03-27,24.34,24.78,24.05,24.4,3838700.0
2025-03-28,24.32,24.73,24.26,24.53,2962500.0
2025-03-31,24.59,25.04,24.27,24.86,5099000.0
2025-04-01,24.73,25.24,24.7,25.22,3298300.0
2025-04-02,25.17,25.3,25.01,25.19,2934800.0
2025-04-03,25.17,25.5,25.0,25.43,2736500.0
2025-04-04,25.31,26.5,24.98,26.27,5254900.0
2025-04-07,26.31,26.36,26.07,26.18,2495600.0
2025-04-08,26.15,26.65,26.06,26.42,3735200.0
2025-04-09,26.42,26.84,26.34,26.7,4823100.0
2025-04-10,26.71,27.03,26.31,26.49,2879500.0
2025-04-11,26.43,26.9,26.27,26.67,4260300.0
2025-04-14,26.66,26.71,26.51,26.57,2822700.0
2025-04-15,26.62,26.72,26.44,26.54,2283600.0
2025-04-16,26.6,26.89,26.13,26.21,3807800.0
2025-04-17,26.23,26.38,25.9,26.07,2778300.0
2025-04-18,25.99,26.63,25.86,26.31,2669900.0
2025-04-21,26.22,26.42,25.27,25.38,6193200.0
2025-04-22,25.49,25.6,25.09,25.22,3468800.0
2025-04-23,25.09,25.56,24.96,25.42,2911000.0
2025-04-24,25.37,25.62,25.04,25.35,3949500.0
2025-04-25,25.34,25.56,25.12,25.36,3557900.0
2025-04-28,25.33,25.44,24.9,25.06,4591100.0
2025-04-29,24.98,25.11,24.68,24.83,4787000.0
2025-04-30,24.94,25.28,24.68,25.1,4099700.0
2025-05-01,25.02,25.12,24.73,24.84,2907800.0
2025-05-02,24.81,24.97,24.65,24.83,2771800.0
2025-05-05,24.83,24.91,24.12,24.23,4957500.0
2025-05-06,24.14,24.25,23.8,23.9,3357200.0
2025-05-07,23.88,24.04,22.87,23.08,6789400.0
2025-05-08,22.97,23.14,22.75,22.91,3237100.0
2025-05-09,22.78,23.05,22.36,22.48,4082700.0
2025-05-12,22.61,22.66,22.0,22.09,5573500.0
2025-05-13,22.15,22.21,21.55,21.64,5667900.0
2025-05-14,21.61,21.92,21.6,21.87,3327400.0
2025-05-15,21.72,22.12,21.65,22.0,3674500.0
2025-05-16,22.13,22.26,21.64,21.85,4094600.0
2025-05-19,21.86,21.98,21.23,21.45,5195200.0
2025-05-20,21.47,21.63,21.21,21.3,2686000.0
2025-05-21,21.17,21.27,20.37,20.66,6147700.0
2025-05-22,20.48,20.8,20.27,20.72,3356600.0
2025-05-23,20.64,20.69,20.51,20.61,2711900.0
2025-05-26,20.62,20.78,20.53,20.7,2455000.0
2025-05-27,20.65,21.09,20.55,21.04,3254800.0
2025-05-28,20.93,21.02,20.88,20.98,2611200.0
2025-05-29,21.06,21.36,20.93,21.26,4964000.0
2025-05-30,21.46,21.54,21.22,21.28,2429200.0
2025-06-02,21.33,21.43,20.55,20.87,5320200.0
2025-06-03,20.96,21.18,20.71,21.02,2635900.0
2025-06-04,21.07,21.43,20.97,21.3,4329900.0
2025-06-05,21.34,21.44,21.19,21.39,3377000.0
2025-06-06,21.49,21.63,21.16,21.29,3879500.0
2025-06-09,21.28,21.52,20.9,21.17,2549400.0
2025-06-10,21.22,21.3,21.02,21.23,2743600.0
2025-06-11,21.16,21.24,20.98,21.07,3081700.0
2025-06-12,20.99,21.24,20.2,20.38,6666100.0
2025-06-13,20.53,20.65,19.97,20.16,4515200.0
2025-06-16,20.11,20.33,19.27,19.47,5148900.0
2025-06-17,19.49,19.62,19.33,19.55,4186700.0
2025-06-18,19.5,19.84,19.35,19.52,2473900.0
2025-06-19,19.49,20.01,19.43,19.92,4703000.0
2025-06-20,19.88,20.06,19.7,19.79,2592400.0
2025-06-23,19.87,19.99,19.75,19.82,3309300.0
2025-06-24,19.81,19.92,19.59,19.76,2889400.0
2025-06-25,19.76,20.07,19.63,20.0,4888300.0
2025-06-26,19.95,20.62,19.81,20.42,3700500.0
2025-06-27,20.27,20.6,20.14,20.44,2957100.0
2025-06-30,20.29,20.61,20.21,20.47,3695300.0
2025-07-01,20.59,21.08,20.51,20.89,3695800.0
2025-07-02,20.87,21.05,20.79,21.0,3330700.0
2025-07-03,20.99,21.02,20.99,21.01,3089600.0
2025-07-04,20.97,21.08,20.79,20.88,3893000.0
2025-07-07,20.93,21.23,20.72,21.01,3054300.0
2025-07-08,20.98,21.1,20.81,20.97,3097000.0
2025-07-09,20.77,21.39,20.65,21.2,4044400.0
2025-07-10,21.13,21.5,20.91,21.24,2618600.0
2025-07-11,21.07,21.22,21.03,21.13,3107200.0
2025-07-14,21.21,21.46,21.14,21.29,2811500.0
2025-07-15,21.5,21.56,20.91,20.99,4710400.0
2025-07-16,20.94,21.11,20.71,20.83,3745400.0
2025-07-17,20.79,21.4,20.71,21.35,3585300.0
2025-07-18,21.39,22.05,21.18,21.69,4472400.0
2025-07-21,21.69,21.78,21.38,21.56,3541800.0
2025-07-22,21.7,21.92,21.38,21.69,2598100.0
2025-07-23,21.75,22.15,21.66,22.04,5020000.0
2025-07-24,22.13,22.21,21.93,21.97,3395500.0
2025-07-25,21.89,23.15,21.7,22.76,6675800.0
2025-07-28,22.71,22.94,22.63,22.9,4458200.0
2025-07-29,22.83,23.67,22.78,23.61,4541700.0
2025-07-30,23.52,23.64,23.08,23.23,4807000.0
2025-07-31,23.19,23.23,22.88,22.92,5080200.0
2025-08-01,22.85,22.88,22.74,22.75,4247000.0
2025-08-04,22.74,23.12,22.61,22.95,3208200.0
2025-08-05,22.95,23.04,22.72,22.9,2746300.0
2025-08-06,22.9,22.98,22.76,22.86,2919600.0
2025-08-07,22.89,23.26,22.78,23.03,3957200.0
2025-08-08,23.04,23.68,22.95,23.56,3872500.0
2025-08-11,23.47,23.66,23.26,23.56,2421800.0
2025-08-12,23.82,23.98,23.41,23.54,3107900.0
2025-08-13,23.38,24.17,23.18,24.0,3748100.0
2025-08-14,23.89,23.97,23.25,23.33,6475100.0
2025-08-15,23.25,24.18,23.08,24.1,6335100.0
2025-08-18,24.09,24.84,23.86,24.67,6207100.0
2025-08-19,24.63,24.83,24.41,24.75,2752500.0
2025-08-20,24.66,24.77,24.52,24.66,3922300.0
2025-08-21,24.54,24.8,24.43,24.7,4060600.0
2025-08-22,24.9,24.98,24.71,24.84,3855700.0
2025-08-25,24.64,24.77,24.26,24.41,3252200.0
2025-08-26,24.35,24.37,24.11,24.16,4424400.0
2025-08-27,24.02,24.29,23.79,23.93,4148100.0
2025-08-28,24.07,24.12,23.89,23.91,3945400.0
2025-08-29,23.86,24.0,23.68,23.88,2709000.0
2025-09-01,23.73,24.36,23.66,24.22,4152800.0
2025-09-02,24.24,24.47,23.73,23.8,4815200.0
2025-09-03,23.66,23.97,23.54,23.87,2964000.0
2025-09-04,23.84,24.22,23.6,24.03,2978100.0
2025-09-05,23.98,24.14,23.68,23.83,2684900.0
2025-09-08,23.73,24.18,23.49,24.03,4498100.0
2025-09-09,24.08,24.26,23.79,23.89,2680400.0
2025-09-10,23.8,24.92,23.68,24.65,4487000.0
2025-09-11,24.7,24.97,24.48,24.84,3263400.0
2025-09-12,24.79,25.07,24.18,24.58,3117400.0
2025-09-15,24.69,25.15,24.46,24.93,3238100.0
2025-09-16,24.98,25.08,24.45,24.68,3214600.0
2025-09-17,24.58,24.88,23.51,23.8,5218600.0
2025-09-18,23.63,24.42,23.33,24.28,5030400.0
2025-09-19,24.21,24.96,23.96,24.8,4857800.0
2025-09-22,24.95,25.16,24.78,25.06,4158600.0
2025-09-23,25.09,25.26,25.04,25.16,2468600.0
2025-09-24,25.25,25.52,24.83,25.12,2365500.0
2025-09-25,25.3,26.15,25.15,25.92,6851700.0
2025-09-26,25.81,26.3,25.71,26.1,2800800.0
2025-09-29,26.15,26.53,25.96,26.31,4524600.0
2025-09-30,26.34,26.63,26.14,26.48,3564200.0
2025-10-01,26.56,26.71,25.69,25.89,4812300.0
2025-10-02,25.94,26.39,25.71,26.27,4484000.0
2025-10-03,26.15,27.36,26.04,27.19,4620700.0
2025-10-06,27.22,27.3,27.06,27.18,2290500.0
2025-10-07,27.08,28.05,26.97,27.81,5102800.0
2025-10-08,27.75,28.0,27.23,27.55,2914600.0
2025-10-09,27.58,27.62,26.77,26.9,4758500.0
2025-10-10,26.95,27.0,26.67,26.86,4001800.0
2025-10-13,26.84,27.25,26.71,27.06,3300500.0
2025-10-14,27.15,27.96,26.97,27.72,4237900.0
2025-10-15,27.62,28.05,27.24,27.87,2835300.0
2025-10-16,27.9,27.92,27.65,27.69,3561700.0
2025-10-17,27.75,27.92,27.37,27.43,4176000.0
2025-10-20,27.39,27.67,26.79,27.17,3137400.0
2025-10-21,27.26,27.74,27.05,27.57,5044800.0
2025-10-22,27.59,28.2,27.43,28.14,4447200.0
2025-10-23,28.29,28.75,27.84,28.22,3450900.0
2025-10-24,28.17,28.92,27.86,28.7,3149200.0
2025-10-27,28.74,29.26,28.6,29.15,3995100.0
2025-10-28,28.99,29.18,28.24,28.37,3539600.0
2025-10-29,28.29,29.06,28.07,28.9,4934400.0
2025-10-30,28.77,28.94,28.52,28.62,4556100.0
2025-10-31,28.58,29.05,28.44,28.95,4392800.0
2025-11-03,29.0,29.67,28.84,29.32,5087400.0
2025-11-04,29.1,29.27,28.73,28.79,5503400.0
2025-11-05,28.73,28.98,28.08,28.33,3520500.0
2025-11-06,28.37,28.56,27.9,28.14,2949600.0
2025-11-07,28.19,28.24,28.04,28.09,3472400.0
2025-11-10,28.17,28.98,28.04,28.74,5092700.0
2025-11-11,28.64,29.06,28.47,28.93,4107400.0
2025-11-12,29.11,29.16,28.5,28.62,3830800.0
2025-11-13,28.53,29.01,28.48,28.98,4310900.0
2025-11-14,28.85,29.11,28.67,28.86,3113200.0
2025-11-17,29.03,29.25,28.53,28.7,4212400.0
2025-11-18,28.75,29.58,28.49,29.41,3674300.0
2025-11-19,29.46,30.07,29.26,29.93,4366900.0
2025-11-20,29.93,30.23,29.69,30.15,2962000.0
2025-11-21,30.08,30.52,30.02,30.32,4089600.0
2025-11-24,30.42,31.48,30.29,31.33,5025200.0
2025-11-25,31.3,32.21,31.19,32.12,4709300.0
2025-11-26,32.18,32.43,31.89,31.99,3950200.0
2025-11-27,31.93,32.83,31.74,32.6,3539600.0
2025-11-28,32.93,33.08,32.25,32.64,3352800.0
2025-12-01,32.72,32.89,31.75,32.04,4272000.0
2025-12-02,31.92,32.13,31.84,32.04,2984500.0
2025-12-03,31.94,32.64,31.87,32.54,2993700.0
2025-12-04,32.45,32.58,31.65,31.92,3347800.0
2025-12-05,32.05,32.15,30.79,31.04,5603100.0
2025-12-08,31.15,31.24,30.86,30.97,3998400.0
2025-12-09,31.01,31.2,30.86,31.14,2601200.0
2025-12-10,31.16,31.38,30.78,31.11,2551100.0
2025-12-11,31.22,31.76,31.08,31.69,4627300.0
2025-12-12,31.72,31.85,31.31,31.47,4232600.0
2025-12-15,31.75,31.96,30.93,31.02,3349000.0
2025-12-16,31.17,31.25,30.64,30.75,4549900.0
2025-12-17,30.77,30.98,30.42,30.63,3980900.0
2025-12-18,30.39,30.93,30.28,30.81,3766800.0
2025-12-19,30.92,31.16,29.85,30.08,3466400.0
2025-12-22,30.04,31.03,29.73,30.61,4993500.0
2025-12-23,30.63,30.76,30.28,30.46,3891600.0
2025-12-24,30.57,30.75,29.43,29.72,4960600.0
2025-12-25,29.82,29.92,29.3,29.4,2708600.0
2025-12-26,29.25,29.39,28.48,28.66,4836200.0
2025-12-29,28.76,29.21,28.38,29.0,3129600.0
2025-12-30,29.03,29.27,28.93,29.05,2946900.0
2025-12-31,28.89,29.32,28.77,29.16,2777800.0
2026-01-01,29.31,29.45,28.93,29.06,3579100.0
2026-01-02,29.15,29.31,28.4,28.54,3085800.0
2026-01-05,28.5,28.65,28.24,28.36,2588500.0
2026-01-06,28.34,28.73,28.2,28.64,4542100.0
2026-01-07,28.85,28.98,28.17,28.42,3978200.0
2026-01-08,28.42,28.49,27.55,27.73,5844200.0
2026-01-09,27.87,28.09,26.51,26.87,3885700.0
2026-01-12,26.86,27.13,26.41,26.59,3651800.0
2026-01-13,26.7,26.8,25.97,26.06,5573300.0
2026-01-14,26.04,26.46,25.91,26.34,2805200.0
2026-01-15,26.36,26.93,26.24,26.68,3196700.0
2026-01-16,26.69,27.08,26.47,26.93,3181300.0
2026-01-19,27.03,27.11,26.6,26.67,4313700.0
2026-01-20,26.66,26.79,26.53,26.72,3650300.0
2026-01-21,26.75,26.86,26.68,26.76,2271300.0
2026-01-22,26.86,27.51,26.72,27.44,4862100.0
2026-01-23,27.52,27.63,27.29,27.4,3801300.0
2026-01-26,27.47,27.7,26.6,26.98,3301700.0
2026-01-27,26.99,27.54,26.88,27.42,5050000.0
2026-01-28,27.45,27.45,27.21,27.21,2790600.0
2026-01-29,27.25,27.68,27.23,27.65,4032100.0
2026-01-30,27.7,27.97,27.61,27.92,4598600.0
2026-02-02,27.9,28.27,27.8,28.12,4443900.0
2026-02-03,28.15,28.96,28.0,28.82,4283800.0
2026-02-04,28.91,29.0,28.83,28.88,2431100.0
2026-02-05,28.99,29.19,28.84,29.07,4466300.0
2026-02-06,29.19,29.5,28.87,29.17,3748100.0
2026-02-09,29.14,29.78,29.04,29.67,4049100.0
2026-02-10,29.79,30.32,29.47,30.12,3077800.0
2026-02-11,29.89,31.29,29.42,31.13,6507100.0
2026-02-12,31.06,31.54,30.92,31.41,3378300.0
2026-02-13,31.39,31.53,30.77,31.21,2707200.0
2026-02-16,31.1,31.27,30.69,30.87,3566300.0
2026-02-17,31.01,31.24,30.49,30.71,3963400.0
2026-02-18,30.74,30.89,30.25,30.46,2931000.0
2026-02-19,30.53,30.6,30.45,30.48,3138900.0
2026-02-20,30.54,30.85,30.25,30.49,2312500.0
2026-02-23,30.58,30.65,30.09,30.13,3352500.0
2026-02-24,30.01,30.2,29.63,29.79,4536700.0
2026-02-25,29.56,30.01,29.31,29.75,3419900.0
2026-02-26,29.71,29.94,29.33,29.65,3315400.0
2026-02-27,29.88,30.02,29.83,29.91,3868900.0
2026-03-02,30.15,30.3,29.14,29.29,3194000.0
2026-03-03,29.4,29.56,29.27,29.42,3511400.0
2026-03-04,29.38,30.05,29.26,29.97,3752500.0
2026-03-05,30.14,30.27,29.54,29.69,3729700.0
